claim_id,expected_result,risk_score,violations,auto_approved,has_unapproved_items,requires_human_review
CLM-0001,REVIEW_REQUIRED,0.25,MISSING_RECEIPT,No,No,Yes
CLM-0002,APPROVED,0,None,Yes,No,No
CLM-0003,APPROVED,0,None,Yes,No,No
CLM-0004,APPROVED,0,None,Yes,No,No
CLM-0005,APPROVED,0,None,Yes,No,No
CLM-0006,APPROVED,0,None,Yes,No,No
CLM-0007,APPROVED,0,None,Yes,No,No
CLM-0008,APPROVED,0,None,Yes,No,No
CLM-0009,REVIEW_REQUIRED,0.25,MISSING_RECEIPT,No,No,Yes
CLM-0010,APPROVED,0,None,Yes,No,No
CLM-0011,APPROVED,0,None,Yes,No,No
CLM-0012,APPROVED,0,None,Yes,No,No
CLM-0013,APPROVED,0,None,Yes,No,No
CLM-0014,REVIEW_REQUIRED,0.25,MISSING_RECEIPT,No,No,Yes
CLM-0015,APPROVED,0,None,Yes,No,No
CLM-0016,REVIEW_REQUIRED,0.25,MISSING_RECEIPT,No,No,Yes
CLM-0017,APPROVED,0,None,Yes,No,No
CLM-0018,REVIEW_REQUIRED,0.25,MISSING_RECEIPT,No,No,Yes
CLM-0019,APPROVED,0,None,Yes,No,No
CLM-0020,APPROVED,0,None,Yes,No,No
CLM-0021,REVIEW_REQUIRED,0.25,MISSING_RECEIPT,No,No,Yes
CLM-0022,APPROVED,0,None,Yes,No,No
CLM-0023,APPROVED,0,None,Yes,No,No
CLM-0024,APPROVED,0,None,Yes,No,No
CLM-0025,APPROVED,0,None,Yes,No,No
CLM-0026,REJECTED_ITEM_NOT_APPROVED,0.5,UNAPPROVED_ITEMS,No,Yes,Yes
CLM-0027,REJECTED_ITEM_NOT_APPROVED,0.5,UNAPPROVED_ITEMS,No,Yes,Yes
CLM-0028,REJECTED_ITEM_NOT_APPROVED,0.5,UNAPPROVED_ITEMS,No,Yes,Yes
CLM-0029,REJECTED_ITEM_NOT_APPROVED,0.5,UNAPPROVED_ITEMS,No,Yes,Yes
CLM-0030,REJECTED_ITEM_NOT_APPROVED,0.5,UNAPPROVED_ITEMS,No,Yes,Yes
CLM-0031,REJECTED_ITEM_NOT_APPROVED,0.5,UNAPPROVED_ITEMS,No,Yes,Yes
CLM-0032,REJECTED_ITEM_NOT_APPROVED,0.5,UNAPPROVED_ITEMS,No,Yes,Yes
CLM-0033,REJECTED_ITEM_NOT_APPROVED,0.5,UNAPPROVED_ITEMS,No,Yes,Yes
CLM-0034,REJECTED_ITEM_NOT_APPROVED,0.5,UNAPPROVED_ITEMS,No,Yes,Yes
CLM-0035,REJECTED_ITEM_NOT_APPROVED,0.5,UNAPPROVED_ITEMS,No,Yes,Yes
CLM-0036,REJECTED_ITEM_NOT_APPROVED,0.5,UNAPPROVED_ITEMS,No,Yes,Yes
CLM-0037,REJECTED_ITEM_NOT_APPROVED,0.5,UNAPPROVED_ITEMS,No,Yes,Yes
CLM-0038,APPROVED,0,None,No,No,Yes
CLM-0039,APPROVED,0,None,No,No,Yes
CLM-0040,APPROVED,0,None,No,No,Yes
CLM-0041,APPROVED,0,None,No,No,Yes
CLM-0042,APPROVED,0,None,No,No,Yes
CLM-0043,APPROVED,0,None,No,No,Yes
CLM-0044,APPROVED,0,None,No,No,Yes
CLM-0045,APPROVED,0,None,No,No,Yes
CLM-0046,APPROVED,0,None,No,No,Yes
CLM-0047,APPROVED,0,None,No,No,Yes
CLM-0048,APPROVED,0,None,No,No,Yes
CLM-0049,APPROVED,0,None,No,No,Yes
CLM-0050,REJECTED_AUDIT,0.4,FLIGHT_LIMIT_EXCEEDED,No,No,Yes
CLM-0051,REJECTED_AUDIT,0.4,FLIGHT_LIMIT_EXCEEDED,No,No,Yes
CLM-0052,REJECTED_AUDIT,0.4,FLIGHT_LIMIT_EXCEEDED,No,No,Yes
CLM-0053,REJECTED_AUDIT,0.4,FLIGHT_LIMIT_EXCEEDED,No,No,Yes
CLM-0054,REJECTED_AUDIT,0.4,FLIGHT_LIMIT_EXCEEDED,No,No,Yes
CLM-0055,REJECTED_AUDIT,0.4,FLIGHT_LIMIT_EXCEEDED,No,No,Yes
CLM-0056,REJECTED_AUDIT,0.4,FLIGHT_LIMIT_EXCEEDED,No,No,Yes
CLM-0057,REJECTED_AUDIT,0.4,FLIGHT_LIMIT_EXCEEDED,No,No,Yes
CLM-0058,REJECTED_ITEM_NOT_APPROVED,0.5,UNAPPROVED_ITEMS,No,Yes,Yes
CLM-0059,REJECTED_ITEM_NOT_APPROVED,0.5,UNAPPROVED_ITEMS,No,Yes,Yes
CLM-0060,REJECTED_ITEM_NOT_APPROVED,0.5,UNAPPROVED_ITEMS,No,Yes,Yes
CLM-0061,REJECTED_ITEM_NOT_APPROVED,0.5,UNAPPROVED_ITEMS,No,Yes,Yes
CLM-0062,REJECTED_ITEM_NOT_APPROVED,0.5,UNAPPROVED_ITEMS,No,Yes,Yes
CLM-0063,REJECTED_ITEM_NOT_APPROVED,0.5,UNAPPROVED_ITEMS,No,Yes,Yes
CLM-0064,REJECTED_ITEM_NOT_APPROVED,0.5,UNAPPROVED_ITEMS,No,Yes,Yes
CLM-0065,REJECTED_ITEM_NOT_APPROVED,0.5,UNAPPROVED_ITEMS,No,Yes,Yes
CLM-0066,REJECTED_ITEM_NOT_APPROVED,0.5,UNAPPROVED_ITEMS,No,Yes,Yes
CLM-0067,REJECTED_ITEM_NOT_APPROVED,0.5,UNAPPROVED_ITEMS,No,Yes,Yes
CLM-0068,APPROVED,0,None,No,No,Yes
CLM-0069,APPROVED,0,None,No,No,Yes
CLM-0070,APPROVED,0,None,No,No,Yes
CLM-0071,APPROVED,0,None,No,No,Yes
CLM-0072,APPROVED,0,None,No,No,Yes
CLM-0073,APPROVED,0,None,No,No,Yes
CLM-0074,APPROVED,0,None,No,No,Yes
CLM-0075,APPROVED,0,None,No,No,Yes
CLM-0076,APPROVED,0,None,No,No,Yes
CLM-0077,APPROVED,0,None,No,No,Yes
CLM-0078,REJECTED_AUDIT,0.4,HOTEL_LIMIT_EXCEEDED,No,No,Yes
CLM-0079,REJECTED_AUDIT,0.4,HOTEL_LIMIT_EXCEEDED,No,No,Yes
CLM-0080,REJECTED_AUDIT,0.4,HOTEL_LIMIT_EXCEEDED,No,No,Yes
CLM-0081,REJECTED_AUDIT,0.4,HOTEL_LIMIT_EXCEEDED,No,No,Yes
CLM-0082,REJECTED_AUDIT,0.4,HOTEL_LIMIT_EXCEEDED,No,No,Yes
CLM-0083,REJECTED_AUDIT,0.4,HOTEL_LIMIT_EXCEEDED,No,No,Yes
CLM-0084,REJECTED_AUDIT,0.4,HOTEL_LIMIT_EXCEEDED,No,No,Yes
CLM-0085,REJECTED_AUDIT,0.4,HOTEL_LIMIT_EXCEEDED,No,No,Yes
CLM-0086,REJECTED_ITEM_NOT_APPROVED,0.5,UNAPPROVED_ITEMS,No,Yes,Yes
CLM-0087,REJECTED_ITEM_NOT_APPROVED,0.5,UNAPPROVED_ITEMS,No,Yes,Yes
CLM-0088,REJECTED_ITEM_NOT_APPROVED,0.5,UNAPPROVED_ITEMS,No,Yes,Yes
CLM-0089,REJECTED_ITEM_NOT_APPROVED,0.5,UNAPPROVED_ITEMS,No,Yes,Yes
CLM-0090,REJECTED_ITEM_NOT_APPROVED,0.5,UNAPPROVED_ITEMS,No,Yes,Yes
CLM-0091,REJECTED_ITEM_NOT_APPROVED,0.5,UNAPPROVED_ITEMS,No,Yes,Yes
CLM-0092,REJECTED_ITEM_NOT_APPROVED,0.5,UNAPPROVED_ITEMS,No,Yes,Yes
CLM-0093,REJECTED_ITEM_NOT_APPROVED,0.5,UNAPPROVED_ITEMS,No,Yes,Yes
CLM-0094,REJECTED_ITEM_NOT_APPROVED,0.5,UNAPPROVED_ITEMS,No,Yes,Yes
CLM-0095,REJECTED_ITEM_NOT_APPROVED,0.5,UNAPPROVED_ITEMS,No,Yes,Yes
CLM-0096,REVIEW_REQUIRED,0.25,MISSING_RECEIPT,No,No,Yes
CLM-0097,REVIEW_REQUIRED,0.25,MISSING_RECEIPT,No,No,Yes
CLM-0098,REVIEW_REQUIRED,0.5,MISSING_RECEIPT; MISSING_RECEIPT,No,No,Yes
CLM-0099,REJECTED_AUDIT,0.65,MEAL_LIMIT_EXCEEDED; MISSING_RECEIPT,No,No,Yes
CLM-0100,APPROVED,0,None,Yes,No,No
CLM-0101,REVIEW_REQUIRED,0.5,MISSING_RECEIPT; MISSING_RECEIPT,No,No,Yes
CLM-0102,APPROVED,0,None,Yes,No,No
CLM-0103,REVIEW_REQUIRED,0.25,MISSING_RECEIPT,No,No,Yes
CLM-0104,REJECTED_AUDIT,0.65,MEAL_LIMIT_EXCEEDED; MISSING_RECEIPT,No,No,Yes
CLM-0105,APPROVED,0,None,Yes,No,No
CLM-0106,APPROVED,0,None,Yes,No,No
CLM-0107,REJECTED_AUDIT,0.65,MEAL_LIMIT_EXCEEDED; MISSING_RECEIPT,No,No,Yes
CLM-0108,REJECTED_ITEM_NOT_APPROVED,0.5,UNAPPROVED_ITEMS,No,Yes,Yes
CLM-0109,REJECTED_ITEM_NOT_APPROVED,0.5,UNAPPROVED_ITEMS,No,Yes,Yes
CLM-0110,REJECTED_ITEM_NOT_APPROVED,0.5,UNAPPROVED_ITEMS,No,Yes,Yes
CLM-0111,REJECTED_ITEM_NOT_APPROVED,0.5,UNAPPROVED_ITEMS,No,Yes,Yes
CLM-0112,REJECTED_ITEM_NOT_APPROVED,0.5,UNAPPROVED_ITEMS,No,Yes,Yes
CLM-0113,REJECTED_ITEM_NOT_APPROVED,0.5,UNAPPROVED_ITEMS,No,Yes,Yes
CLM-0114,REJECTED_ITEM_NOT_APPROVED,0.5,UNAPPROVED_ITEMS,No,Yes,Yes
CLM-0115,REJECTED_ITEM_NOT_APPROVED,0.5,UNAPPROVED_ITEMS,No,Yes,Yes
CLM-0116,REVIEW_REQUIRED,0.15,LATE_SUBMISSION,No,No,Yes
CLM-0117,REVIEW_REQUIRED,0.15,LATE_SUBMISSION,No,No,Yes
CLM-0118,REVIEW_REQUIRED,0.15,LATE_SUBMISSION,No,No,Yes
CLM-0119,REVIEW_REQUIRED,0.15,LATE_SUBMISSION,No,No,Yes
CLM-0120,REVIEW_REQUIRED,0.15,LATE_SUBMISSION,No,No,Yes
CLM-0121,REVIEW_REQUIRED,0.15,LATE_SUBMISSION,No,No,Yes
CLM-0122,REVIEW_REQUIRED,0.15,LATE_SUBMISSION,No,No,Yes
CLM-0123,REVIEW_REQUIRED,0.15,LATE_SUBMISSION,No,No,Yes
CLM-0124,REVIEW_REQUIRED,0.15,LATE_SUBMISSION,No,No,Yes
CLM-0125,REVIEW_REQUIRED,0.15,LATE_SUBMISSION,No,No,Yes
CLM-0126,REJECTED_VALIDATION,0.3,SUBMISSION_WINDOW_EXCEEDED,No,No,Yes
CLM-0127,REJECTED_VALIDATION,0.3,SUBMISSION_WINDOW_EXCEEDED,No,No,Yes
CLM-0128,REJECTED_VALIDATION,0.3,SUBMISSION_WINDOW_EXCEEDED,No,No,Yes
CLM-0129,REJECTED_VALIDATION,0.3,SUBMISSION_WINDOW_EXCEEDED,No,No,Yes
CLM-0130,REJECTED_VALIDATION,0.3,SUBMISSION_WINDOW_EXCEEDED,No,No,Yes
CLM-0131,REVIEW_REQUIRED,0.15,LATE_SUBMISSION,No,No,Yes
CLM-0132,REVIEW_REQUIRED,0.15,LATE_SUBMISSION,No,No,Yes
CLM-0133,REVIEW_REQUIRED,0.15,LATE_SUBMISSION,No,No,Yes
CLM-0134,REVIEW_REQUIRED,0.15,LATE_SUBMISSION,No,No,Yes
CLM-0135,REVIEW_REQUIRED,0.15,LATE_SUBMISSION,No,No,Yes
CLM-0136,REVIEW_REQUIRED,0.15,LATE_SUBMISSION,No,No,Yes
CLM-0137,REJECTED_VALIDATION,0.3,SUBMISSION_WINDOW_EXCEEDED,No,No,Yes
CLM-0138,REJECTED_VALIDATION,0.3,SUBMISSION_WINDOW_EXCEEDED,No,No,Yes
CLM-0139,REJECTED_VALIDATION,0.3,SUBMISSION_WINDOW_EXCEEDED,No,No,Yes
CLM-0140,REJECTED_VALIDATION,0.3,SUBMISSION_WINDOW_EXCEEDED,No,No,Yes
CLM-0141,REJECTED_VALIDATION,0.3,SUBMISSION_WINDOW_EXCEEDED,No,No,Yes
CLM-0142,APPROVED,0,None,Yes,No,No
CLM-0143,APPROVED,0,None,Yes,No,No
CLM-0144,APPROVED,0,None,Yes,No,No
CLM-0145,APPROVED,0,None,Yes,No,No
CLM-0146,APPROVED,0,None,No,No,Yes
CLM-0147,APPROVED,0,None,Yes,No,No
CLM-0148,APPROVED,0,None,Yes,No,No
CLM-0149,APPROVED,0,None,Yes,No,No
CLM-0150,APPROVED,0,None,Yes,No,No
CLM-0151,APPROVED,0,None,Yes,No,No
CLM-0152,APPROVED,0,None,Yes,No,No
CLM-0153,APPROVED,0,None,Yes,No,No
CLM-0154,APPROVED,0,None,Yes,No,No
CLM-0155,APPROVED,0,None,Yes,No,No
CLM-0156,APPROVED,0,None,Yes,No,No
CLM-0157,APPROVED,0,None,No,No,Yes
CLM-0158,APPROVED,0,None,No,No,Yes
CLM-0159,APPROVED,0,None,No,No,Yes
CLM-0160,APPROVED,0,None,No,No,Yes
CLM-0161,APPROVED,0,None,No,No,Yes
CLM-0162,APPROVED,0,None,No,No,Yes
CLM-0163,APPROVED,0,None,No,No,Yes
CLM-0164,APPROVED,0,None,No,No,Yes
CLM-0165,APPROVED,0,None,Yes,No,No
CLM-0166,APPROVED,0,None,Yes,No,No
CLM-0167,APPROVED,0,None,Yes,No,No
CLM-0168,APPROVED,0,None,Yes,No,No
CLM-0169,APPROVED,0,None,Yes,No,No
CLM-0170,REJECTED_VALIDATION,0.4,NEGATIVE_AMOUNT,No,No,Yes
CLM-0171,REJECTED_VALIDATION,0.4,NEGATIVE_AMOUNT,No,No,Yes
CLM-0172,REJECTED_VALIDATION,0.4,NEGATIVE_AMOUNT,No,No,Yes
CLM-0173,REJECTED_VALIDATION,0.4,NEGATIVE_AMOUNT,No,No,Yes
CLM-0174,REJECTED_VALIDATION,0.4,NEGATIVE_AMOUNT,No,No,Yes
CLM-0175,APPROVED,0,None,Yes,No,No
CLM-0176,APPROVED,0,None,Yes,No,No
CLM-0177,APPROVED,0,None,Yes,No,No
CLM-0178,APPROVED,0,None,Yes,No,No
CLM-0179,APPROVED,0,None,Yes,No,No
CLM-0180,APPROVED,0,None,Yes,No,No
